{"cameraMode":{"drawMode":0,"name":"Shaded","section":"Shading Mode"},"sceneLighting":false,"audioPlay":false,"sceneViewState":{"m_AlwaysRefresh":false,"showFog":true,"showSkybox":false,"showFlares":true,"showImageEffects":true,"showParticleSystems":true,"showVisualEffectGraphs":true,"m_FxEnabled":true},"in2DMode":false,"pivot":{"x":-0.04578632116317749,"y":4.817406177520752,"z":0.01175546646118164},"rotation":{"x":0.12132185697555542,"y":-0.055065155029296878,"z":0.006741126533597708,"w":0.9910642504692078},"size":1.145643949508667,"orthographic":false}