{"cameraMode":{"drawMode":0,"name":"Shaded","section":"Shading Mode"},"sceneLighting":true,"audioPlay":false,"sceneViewState":{"m_AlwaysRefresh":false,"showFog":true,"showSkybox":true,"showFlares":true,"showImageEffects":true,"showParticleSystems":true,"showVisualEffectGraphs":true,"m_FxEnabled":true},"in2DMode":false,"pivot":{"x":4.172338962554932,"y":-0.8877532482147217,"z":0.8888322114944458},"rotation":{"x":0.10228876024484635,"y":0.8964885473251343,"z":-0.32857516407966616,"w":0.2790866792201996},"size":6.699997901916504,"orthographic":false}